{
    "header": {
        "definition": "task list",
        "robot": "gen3",
        "version": "1.0"
    },
    "task": [
        {
            "pi": [
                -0.143116998663535,
                0.33335788713091696,
                -2.9426251188624395,
                -1.4870205226991686,
                0.15009831567151233,
                0.24958208303518914,
                1.3613568165555769
            ],
            "vi": [
                0,
                0,
                0,
                0,
                0,
                0,
                0
            ],
            "ai": [
                0,
                0,
                0,
                0,
                0,
                0,
                0
            ],
            "pf": [
                -0.57421332390613422,
                0.42062434973063345,
                2.2933626371205493,
                -2.1607176139689797,
                0.48171087355043496,
                -0.74001960284559587,
                -0.17627825445142875
            ],
            "vf": [
                0,
                0,
                0,
                0,
                0,
                0,
                0
            ],
            "af": [
                0,
                0,
                0,
                0,
                0,
                0,
                0
            ]
        },
        {
            "pi": [
                -0.17627825445142875,
                0.53581608036225914,
                -2.8955012290585929,
                -1.7994344588061537,
                0.0471238898038469,
                0.75398223686155041,
                1.4137166941154069
            ],
            "vi": [
                0,
                0,
                0,
                0,
                0,
                0,
                0
            ],
            "ai": [
                0,
                0,
                0,
                0,
                0,
                0,
                0
            ],
            "pf": [
                -0.57421332390613422,
                0.42062434973063345,
                2.2933626371205493,
                -2.1607176139689797,
                0.48171087355043496,
                -0.74001960284559587,
                -0.17627825445142875
            ],
            "vf": [
                0,
                0,
                0,
                0,
                0,
                0,
                0
            ],
            "af": [
                0,
                0,
                0,
                0,
                0,
                0,
                0
            ]
        },
        {
            "pi": [
                -0.158824961931483,
                0.89186324776910242,
                -2.9164451800825244,
                -1.8849555921538759,
                -0.022689280275926649,
                1.1868238913561442,
                1.4049900478554354
            ],
            "vi": [
                0,
                0,
                0,
                0,
                0,
                0,
                0
            ],
            "ai": [
                0,
                0,
                0,
                0,
                0,
                0,
                0
            ],
            "pf": [
                -0.57421332390613422,
                0.42062434973063345,
                2.2933626371205493,
                -2.1607176139689797,
                0.48171087355043496,
                -0.74001960284559587,
                -0.17627825445142875
            ],
            "vf": [
                0,
                0,
                0,
                0,
                0,
                0,
                0
            ],
            "af": [
                0,
                0,
                0,
                0,
                0,
                0,
                0
            ]
        },
        {
            "pi": [
                0.37000980142279788,
                0.39269908169872414,
                3.07177948351002,
                -1.4032447186034407,
                0.94247779607693793,
                0.37350045992678649,
                0.60039326268604931
            ],
            "vi": [
                0,
                0,
                0,
                0,
                0,
                0,
                0
            ],
            "ai": [
                0,
                0,
                0,
                0,
                0,
                0,
                0
            ],
            "pf": [
                -0.57421332390613422,
                0.42062434973063345,
                2.2933626371205493,
                -2.1607176139689797,
                0.48171087355043496,
                -0.74001960284559587,
                -0.17627825445142875
            ],
            "vf": [
                0,
                0,
                0,
                0,
                0,
                0,
                0
            ],
            "af": [
                0,
                0,
                0,
                0,
                0,
                0,
                0
            ]
        },
        {
            "pi": [
                0.24434609527920614,
                0.56897733615015145,
                -3.0298915814621559,
                -1.7104226669544431,
                0.47647488579445196,
                0.79063415115343127,
                1.1571532940722404
            ],
            "vi": [
                0,
                0,
                0,
                0,
                0,
                0,
                0
            ],
            "ai": [
                0,
                0,
                0,
                0,
                0,
                0,
                0
            ],
            "pf": [
                -0.57421332390613422,
                0.42062434973063345,
                2.2933626371205493,
                -2.1607176139689797,
                0.48171087355043496,
                -0.74001960284559587,
                -0.17627825445142875
            ],
            "vf": [
                0,
                0,
                0,
                0,
                0,
                0,
                0
            ],
            "af": [
                0,
                0,
                0,
                0,
                0,
                0,
                0
            ]
        },
        {
            "pi": [
                0.23387411976724015,
                0.91280719879303429,
                -3.014183618194207,
                -1.7994344588061537,
                0.32812189937493397,
                1.1920598791121271,
                1.3386675362796507
            ],
            "vi": [
                0,
                0,
                0,
                0,
                0,
                0,
                0
            ],
            "ai": [
                0,
                0,
                0,
                0,
                0,
                0,
                0
            ],
            "pf": [
                -0.57421332390613422,
                0.42062434973063345,
                2.2933626371205493,
                -2.1607176139689797,
                0.48171087355043496,
                -0.74001960284559587,
                -0.17627825445142875
            ],
            "vf": [
                0,
                0,
                0,
                0,
                0,
                0,
                0
            ],